{"epoch/recall":0.8802395462989807,"epoch/binary_accuracy":0.6876077055931091,"epoch/val_precision":0.5106695890426636,"epoch/val_loss":0.8323691487312317,"epoch/val_recall":0.9949820637702942,"epoch/val_true_positives":1388,"epoch/val_false_negatives":7,"_timestamp":1.738015984135869e+09,"epoch/val_true_negatives":30,"_step":10,"epoch/true_negatives":5457,"_wandb":{"runtime":326},"_runtime":326.782118,"epoch/val_auc":0.783478856086731,"epoch/epoch":9,"epoch/false_negatives":1320,"epoch/val_false_positives":1330,"epoch/precision":0.6354050636291504,"epoch/true_positives":9702,"epoch/loss":0.7678595185279846,"epoch/auc":0.7596869468688965,"epoch/false_positives":5567,"val_binary_accuracy":0.5147005319595337,"epoch/learning_rate":0.00756823131814599,"epoch/val_binary_accuracy":0.5147005319595337}