{"_runtime":325.481679,"epoch/auc":0.5013925433158875,"epoch/val_true_positives":0,"epoch/val_auc":0.5,"epoch/false_positives":5346,"epoch/precision":0.4990629553794861,"epoch/false_negatives":5700,"val_binary_accuracy":0.49292194843292236,"epoch/binary_accuracy":0.49895673990249634,"epoch/loss":1.0858973264694214,"epoch/val_binary_accuracy":0.49292194843292236,"_timestamp":1.738018660846265e+09,"_step":10,"epoch/epoch":9,"epoch/val_false_positives":0,"epoch/recall":0.48304009437561035,"epoch/val_loss":0.7402387261390686,"epoch/val_precision":0,"epoch/true_positives":5326,"epoch/val_recall":0,"epoch/val_true_negatives":1358,"epoch/learning_rate":0.022625012323260307,"epoch/true_negatives":5674,"epoch/val_false_negatives":1397,"_wandb":{"runtime":325}}