{"epoch/val_true_positives":1392,"epoch/learning_rate":0.058580923825502396,"epoch/val_true_negatives":0,"_wandb":{"runtime":330},"epoch/val_false_positives":1363,"epoch/auc":0.49895328283309937,"epoch/false_negatives":5265,"epoch/binary_accuracy":0.5009071826934814,"epoch/recall":0.5224489569664001,"epoch/epoch":9,"epoch/val_loss":10.682300567626953,"epoch/true_negatives":5283,"epoch/loss":0.714316725730896,"epoch/true_positives":5760,"epoch/false_positives":5738,"val_binary_accuracy":0.5052631497383118,"_timestamp":1.738017336910689e+09,"_step":10,"epoch/val_precision":0.5052631497383118,"epoch/val_auc":0.5,"_runtime":330.364167,"epoch/val_recall":1,"epoch/val_false_negatives":0,"epoch/val_binary_accuracy":0.5052631497383118,"epoch/precision":0.5009567141532898}