{"epoch/val_true_positives":1392,"epoch/precision":0.7003427147865295,"epoch/binary_accuracy":0.7650821208953857,"epoch/val_false_negatives":0,"epoch/auc":0.8620589375495911,"_runtime":328.038563,"epoch/epoch":9,"epoch/false_positives":4372,"epoch/val_true_negatives":16,"epoch/false_negatives":807,"_step":10,"epoch/val_precision":0.5082146525382996,"epoch/true_negatives":6649,"epoch/true_positives":10218,"_wandb":{"runtime":328},"epoch/learning_rate":0.0020501501858234406,"epoch/val_loss":0.8231778740882874,"epoch/val_binary_accuracy":0.5110707879066467,"epoch/recall":0.9268026947975159,"epoch/val_auc":0.9437646865844727,"epoch/val_false_positives":1347,"epoch/loss":0.7392328977584839,"val_binary_accuracy":0.5110707879066467,"epoch/val_recall":1,"_timestamp":1.738015290141661e+09}