{"epoch/epoch":7,"epoch/val_precision":0,"epoch/val_binary_accuracy":0.49582576751708984,"epoch/false_positives":5375,"_timestamp":1.738014145366941e+09,"epoch/val_false_negatives":1389,"_step":7,"epoch/true_negatives":5648,"epoch/val_false_positives":0,"epoch/val_recall":0,"epoch/val_auc":0.5525479316711426,"epoch/precision":0.509132444858551,"_wandb":{"runtime":297},"epoch/true_positives":5575,"_runtime":270.748103,"epoch/learning_rate":0.09462115913629532,"epoch/auc":0.5128078460693359,"epoch/val_true_negatives":1366,"epoch/false_negatives":5448,"epoch/loss":2.170586109161377,"epoch/val_true_positives":0,"epoch/recall":0.505760669708252,"epoch/val_loss":3.5888123512268066,"epoch/binary_accuracy":0.509071946144104}