{"epoch/val_loss":0.8768050670623779,"epoch/val_false_negatives":836,"epoch/false_negatives":1706,"epoch/recall":0.8452186584472656,"_timestamp":1.738011273690769e+09,"epoch/epoch":9,"epoch/true_negatives":5264,"epoch/loss":0.7560907006263733,"epoch/precision":0.6179357767105103,"epoch/val_auc":0.665613055229187,"_step":9,"epoch/binary_accuracy":0.6613444685935974,"epoch/val_false_positives":272,"epoch/val_true_positives":552,"epoch/true_positives":9316,"epoch/learning_rate":0.003093555336818099,"epoch/val_precision":0.6699029207229614,"epoch/val_true_negatives":1095,"_wandb":{"runtime":327},"epoch/val_binary_accuracy":0.5978221297264099,"_runtime":327.437004,"epoch/false_positives":5760,"epoch/val_recall":0.39769452810287476,"epoch/auc":0.729308009147644}