{"epoch/learning_rate":0.0562453418970108,"epoch/val_loss":0.7534351348876953,"epoch/false_positives":5291,"epoch/val_recall":0,"epoch/true_positives":5447,"epoch/precision":0.5072638988494873,"epoch/val_true_positives":0,"epoch/false_negatives":5576,"epoch/binary_accuracy":0.5070760846138,"epoch/val_false_positives":0,"_wandb":{"runtime":456},"epoch/val_true_negatives":1366,"epoch/recall":0.4941486120223999,"epoch/epoch":9,"epoch/loss":0.9404062032699585,"epoch/val_binary_accuracy":0.49582576751708984,"_step":9,"epoch/auc":0.5107599496841431,"epoch/val_precision":0,"epoch/val_auc":0.4500430226325989,"epoch/val_false_negatives":1389,"_runtime":456.603851,"_timestamp":1.738010526221094e+09,"epoch/true_negatives":5732}