{"epoch/precision":0.9659090638160706,"_step":19,"epoch/val_true_negatives":1297,"_wandb":{"runtime":1484},"epoch/false_positives":381,"epoch/epoch":19,"_runtime":1482.755486292,"epoch/false_negatives":230,"_timestamp":1.7380086802198532e+09,"epoch/binary_accuracy":0.9722852110862732,"epoch/val_true_positives":1149,"epoch/true_negatives":10640,"epoch/val_auc":0.937232255935669,"epoch/recall":0.9791383147239685,"epoch/loss":0.11081775277853012,"epoch/val_loss":0.7232496738433838,"epoch/auc":0.9939205646514893,"epoch/true_positives":10795,"epoch/val_binary_accuracy":0.8878402709960938,"epoch/val_recall":0.8278098106384277,"epoch/learning_rate":0.0010000000474974513,"epoch/val_precision":0.9425758719444275,"epoch/val_false_negatives":239,"epoch/val_false_positives":70}