{"_runtime":57.718333,"epoch/recall":0.5866762399673462,"epoch/loss":1.7751331329345703,"epoch/learning_rate":0.07515875995159149,"epoch/epoch":9,"epoch/false_positives":775,"epoch/false_negatives":577,"_timestamp":1.738012554156798e+09,"epoch/true_negatives":584,"epoch/true_positives":819,"_step":9,"epoch/auc":0.5075918436050415,"_wandb":{"runtime":57},"epoch/precision":0.5138017535209656,"epoch/binary_accuracy":0.5092558860778809}