{"epoch/auc":0.5118053555488586,"epoch/val_false_positives":0,"epoch/false_positives":5542,"epoch/val_loss":19.91521453857422,"_runtime":335.358749,"_timestamp":1.738010940037649e+09,"epoch/val_false_negatives":1396,"epoch/true_negatives":5482,"epoch/precision":0.5077715516090393,"epoch/val_auc":0.5,"epoch/val_binary_accuracy":0.4932849407196045,"epoch/epoch":9,"_wandb":{"runtime":335},"epoch/recall":0.5186898708343506,"epoch/val_recall":0,"epoch/binary_accuracy":0.5079833269119263,"epoch/val_precision":0,"epoch/true_positives":5717,"epoch/false_negatives":5305,"epoch/val_true_positives":0,"epoch/loss":2.3926198482513428,"epoch/learning_rate":0.05026118457317352,"epoch/val_true_negatives":1359,"_step":9}