{"_step":9,"epoch/true_positives":5746,"epoch/val_true_positives":0,"epoch/binary_accuracy":0.523314893245697,"epoch/val_false_positives":0,"epoch/val_true_negatives":1360,"_wandb":{"runtime":329},"epoch/epoch":9,"epoch/val_false_negatives":1395,"epoch/val_loss":0.859648585319519,"_runtime":329.45542,"epoch/false_negatives":5277,"epoch/precision":0.523410439491272,"_timestamp":1.738012294030818e+09,"epoch/true_negatives":5791,"epoch/auc":0.5339785218238831,"epoch/val_auc":0.48076164722442627,"epoch/learning_rate":0.012870785780251026,"epoch/false_positives":5232,"epoch/val_precision":0,"epoch/loss":0.9279049038887024,"epoch/val_recall":0,"epoch/val_binary_accuracy":0.49364790320396423,"epoch/recall":0.521273672580719}