{"epoch/false_positives":5398,"epoch/precision":0.5032667517662048,"epoch/epoch":9,"epoch/learning_rate":0.051905885338783264,"epoch/true_negatives":5623,"epoch/val_false_positives":1359,"epoch/val_auc":0.5,"val_binary_accuracy":0.5067150592803955,"epoch/val_recall":1,"epoch/val_true_negatives":0,"epoch/binary_accuracy":0.5031298398971558,"epoch/val_loss":67.9893569946289,"epoch/loss":0.836488664150238,"_runtime":341.598715,"epoch/false_negatives":5556,"epoch/val_true_positives":1396,"_timestamp":1.73801564564599e+09,"_step":10,"epoch/true_positives":5469,"epoch/val_false_negatives":0,"_wandb":{"runtime":341},"epoch/val_precision":0.5067150592803955,"epoch/recall":0.49605441093444824,"epoch/val_binary_accuracy":0.5067150592803955,"epoch/auc":0.5012566447257996}