{"epoch/val_recall":0,"_timestamp":1.738018326478919e+09,"_wandb":{"runtime":322},"epoch/false_negatives":5545,"epoch/val_false_positives":0,"epoch/val_binary_accuracy":0.4932849407196045,"epoch/precision":0.5119147896766663,"epoch/val_precision":0,"epoch/learning_rate":0.01785868965089321,"epoch/recall":0.49696090817451477,"epoch/false_positives":5223,"epoch/val_auc":0.5,"epoch/auc":0.5217530727386475,"epoch/val_false_negatives":1396,"val_binary_accuracy":0.4932849407196045,"epoch/binary_accuracy":0.511566698551178,"epoch/true_positives":5478,"epoch/true_negatives":5800,"epoch/loss":0.8952531814575195,"epoch/val_true_positives":0,"_step":10,"epoch/val_loss":0.7998277544975281,"epoch/epoch":9,"epoch/val_true_negatives":1359,"_runtime":322.373857}