{"epoch/val_true_negatives":1363,"_timestamp":1.738016642815382e+09,"epoch/loss":0.7674897313117981,"epoch/val_binary_accuracy":0.49473685026168823,"epoch/val_false_positives":0,"epoch/recall":0.4487074911594391,"epoch/val_false_negatives":1392,"epoch/false_negatives":6078,"epoch/learning_rate":0.02130216918885708,"_runtime":323.36818,"epoch/auc":0.5036542415618896,"epoch/epoch":9,"_wandb":{"runtime":323},"epoch/val_precision":0,"epoch/precision":0.5041785836219788,"epoch/binary_accuracy":0.5036287903785706,"epoch/val_recall":0,"epoch/val_true_positives":0,"epoch/val_loss":0.6942484974861145,"epoch/true_positives":4947,"_step":10,"epoch/true_negatives":6156,"epoch/val_auc":0.5,"epoch/false_positives":4865,"val_binary_accuracy":0.49473685026168823}