{"epoch/val_true_positives":0,"epoch/val_recall":0,"epoch/val_true_negatives":1363,"epoch/epoch":9,"epoch/val_false_negatives":1392,"epoch/val_loss":0.7367493510246277,"_runtime":320.919954,"epoch/learning_rate":0.07315149158239365,"val_binary_accuracy":0.49473685026168823,"epoch/val_binary_accuracy":0.49473685026168823,"epoch/loss":0.7649968862533569,"epoch/recall":0.5179170966148376,"epoch/auc":0.5050102472305298,"_timestamp":1.738016314720581e+09,"_wandb":{"runtime":320},"epoch/val_precision":0,"epoch/true_negatives":5451,"epoch/true_positives":5709,"epoch/val_auc":0.5,"epoch/val_false_positives":0,"_step":10,"epoch/precision":0.5060721635818481,"epoch/false_positives":5572,"epoch/binary_accuracy":0.5062142610549927,"epoch/false_negatives":5314}