{"epoch/val_true_positives":1396,"_step":9,"epoch/true_positives":5650,"epoch/auc":0.5078228712081909,"epoch/true_negatives":5537,"epoch/binary_accuracy":0.5074390172958374,"epoch/recall":0.5125646591186523,"epoch/loss":1.4188793897628784,"epoch/val_false_negatives":0,"epoch/precision":0.507363498210907,"_timestamp":1.7380116036835e+09,"epoch/val_recall":1,"epoch/false_positives":5486,"epoch/epoch":9,"epoch/val_precision":0.5067150592803955,"epoch/false_negatives":5373,"epoch/val_loss":0.9607062935829163,"_runtime":321.240579,"epoch/val_binary_accuracy":0.5067150592803955,"epoch/val_true_negatives":0,"epoch/val_auc":0.5585347414016724,"_wandb":{"runtime":321},"epoch/val_false_positives":1359,"epoch/learning_rate":0.06494208425283432}