{"val_binary_accuracy":0.503811240196228,"epoch/val_recall":1,"epoch/val_true_positives":1388,"epoch/true_positives":4882,"epoch/val_binary_accuracy":0.503811240196228,"epoch/precision":0.4932807981967926,"_runtime":319.03747,"epoch/loss":0.7314707040786743,"epoch/binary_accuracy":0.4939671456813812,"epoch/recall":0.4428921341896057,"_timestamp":1.7380146344017868e+09,"epoch/learning_rate":0.038848355412483215,"epoch/epoch":9,"epoch/true_negatives":6008,"epoch/val_true_negatives":0,"epoch/val_false_positives":1367,"epoch/val_precision":0.503811240196228,"epoch/val_loss":0.7282568216323853,"epoch/val_auc":0.5,"epoch/val_false_negatives":0,"_step":10,"epoch/false_negatives":6141,"epoch/auc":0.49307286739349365,"_wandb":{"runtime":319},"epoch/false_positives":5015}