{"val_binary_accuracy":0.49473685026168823,"epoch/true_positives":5739,"epoch/false_negatives":5286,"epoch/val_binary_accuracy":0.49473685026168823,"epoch/val_true_negatives":1363,"_runtime":320.368382,"epoch/epoch":9,"epoch/val_true_positives":0,"_timestamp":1.738017998722767e+09,"epoch/false_positives":5819,"epoch/true_negatives":5202,"_wandb":{"runtime":320},"epoch/recall":0.5205442309379578,"epoch/val_recall":0,"epoch/val_auc":0.5,"epoch/learning_rate":0.08552085608243942,"epoch/val_loss":16.248638153076172,"epoch/loss":0.7672197818756104,"epoch/binary_accuracy":0.4962804913520813,"epoch/auc":0.4961731433868408,"epoch/val_false_negatives":1392,"_step":10,"epoch/val_precision":0,"epoch/val_false_positives":0,"epoch/precision":0.4965392053127289}