{"epoch/val_loss":0.794581949710846,"_runtime":316.203944,"_timestamp":1.738014957382993e+09,"epoch/precision":0.5055761933326721,"epoch/true_positives":5576,"epoch/false_positives":5453,"epoch/val_precision":0.503811240196228,"epoch/binary_accuracy":0.5054431557655334,"epoch/val_true_positives":1388,"epoch/learning_rate":0.04959108680486679,"epoch/loss":0.951346218585968,"epoch/val_auc":0.5,"epoch/epoch":9,"epoch/val_recall":1,"_step":10,"epoch/val_false_positives":1367,"epoch/true_negatives":5567,"epoch/val_binary_accuracy":0.503811240196228,"val_binary_accuracy":0.503811240196228,"epoch/auc":0.5061335563659668,"epoch/false_negatives":5450,"epoch/val_true_negatives":0,"_wandb":{"runtime":316},"epoch/val_false_negatives":0,"epoch/recall":0.5057137608528137}