{"epoch/true_positives":358,"_step":9,"epoch/loss":0.22450850903987885,"_runtime":54.479642,"epoch/val_true_negatives":41,"epoch/val_recall":0,"_timestamp":1.738033243409198e+09,"epoch/recall":0.9322916865348816,"_wandb":{"runtime":56},"epoch/val_precision":0,"epoch/val_false_positives":0,"epoch/binary_accuracy":0.9350000023841858,"epoch/learning_rate":0.0010000000474974513,"epoch/precision":0.9322916865348816,"epoch/val_true_positives":0,"epoch/true_negatives":390,"epoch/val_auc":0.5099214315414429,"epoch/epoch":9,"epoch/val_loss":3.1141605377197266,"epoch/val_false_negatives":59,"epoch/false_positives":26,"epoch/val_binary_accuracy":0.4099999964237213,"epoch/auc":0.9858461022377014,"epoch/false_negatives":26}