{"epoch/learning_rate":0.09679681807756424,"val_binary_accuracy":0.5052631497383118,"_step":10,"epoch/val_recall":0.9971181750297546,"epoch/auc":0.5323295593261719,"_wandb":{"runtime":348},"epoch/val_auc":0.6406022310256958,"epoch/false_negatives":5300,"epoch/recall":0.5191871523857117,"epoch/true_positives":5723,"_runtime":348.882377,"epoch/true_negatives":5767,"epoch/val_false_negatives":4,"epoch/val_binary_accuracy":0.5052631497383118,"epoch/val_true_positives":1384,"epoch/false_positives":5256,"epoch/val_false_positives":1359,"epoch/val_loss":3.0959200859069824,"epoch/binary_accuracy":0.5211829543113708,"epoch/epoch":9,"epoch/val_precision":0.5045570731163025,"_timestamp":1.73801351533236e+09,"epoch/val_true_negatives":8,"epoch/loss":2.319382905960083,"epoch/precision":0.5212678909301758}