{"epoch/val_true_negatives":0,"epoch/true_negatives":6370,"epoch/epoch":9,"epoch/binary_accuracy":0.4982309639453888,"epoch/val_false_positives":1363,"epoch/auc":0.4972573518753052,"epoch/loss":0.7192032933235168,"epoch/recall":0.41850340366363525,"epoch/val_true_positives":1392,"val_binary_accuracy":0.5052631497383118,"epoch/false_negatives":6411,"epoch/val_false_negatives":0,"_step":10,"epoch/learning_rate":0.01989257149398327,"_wandb":{"runtime":346},"_runtime":346.565529,"epoch/val_binary_accuracy":0.5052631497383118,"epoch/val_precision":0.5052631497383118,"_timestamp":1.7380169966541162e+09,"epoch/val_loss":0.746499240398407,"epoch/true_positives":4614,"epoch/precision":0.4980032444000244,"epoch/false_positives":4651,"epoch/val_recall":1,"epoch/val_auc":0.5}