{"epoch/val_auc":0.5,"epoch/true_positives":5571,"epoch/val_true_positives":1397,"epoch/auc":0.503135085105896,"epoch/val_loss":1.2376173734664917,"epoch/true_negatives":5518,"epoch/epoch":9,"epoch/val_precision":0.5070780515670776,"epoch/recall":0.5053061246871948,"epoch/loss":1.0730799436569214,"_timestamp":1.738017671923022e+09,"epoch/val_true_negatives":0,"_step":10,"epoch/false_negatives":5454,"_runtime":329.31435,"epoch/val_recall":1,"val_binary_accuracy":0.5070780515670776,"epoch/val_false_negatives":0,"epoch/binary_accuracy":0.5029937624931335,"epoch/learning_rate":0.07212367653846741,"epoch/val_false_positives":1358,"epoch/precision":0.5030702352523804,"epoch/false_positives":5503,"_wandb":{"runtime":329},"epoch/val_binary_accuracy":0.5070780515670776}