{"epoch/auc":0.5018793344497681,"epoch/precision":0.5001837611198425,"epoch/val_true_positives":1392,"_wandb":{"runtime":330},"epoch/learning_rate":0.05914200842380524,"epoch/epoch":9,"epoch/false_negatives":5583,"epoch/val_auc":0.5,"epoch/true_positives":5443,"epoch/true_negatives":5581,"_runtime":330.336335,"epoch/val_false_positives":1363,"epoch/val_recall":1,"_step":10,"epoch/val_true_negatives":0,"epoch/false_positives":5439,"epoch/binary_accuracy":0.5000453591346741,"epoch/recall":0.4936513602733612,"epoch/val_loss":3.6901323795318604,"epoch/val_precision":0.5052631497383118,"val_binary_accuracy":0.5052631497383118,"epoch/loss":1.469723105430603,"epoch/val_false_negatives":0,"epoch/val_binary_accuracy":0.5052631497383118,"_timestamp":1.738013161367659e+09}