{"epoch/false_positives":633,"epoch/recall":0.5838108658790588,"_timestamp":1.738012601864278e+09,"epoch/loss":0.7762055397033691,"epoch/true_positives":815,"_step":6,"epoch/binary_accuracy":0.559346616268158,"epoch/precision":0.5628452897071838,"epoch/false_negatives":581,"_wandb":{"runtime":38},"epoch/true_negatives":726,"_runtime":38.139075,"epoch/epoch":6,"epoch/auc":0.5891190767288208,"epoch/learning_rate":0.02653890661895275}