{"_runtime":341.225774,"epoch/false_negatives":5775,"epoch/true_positives":5250,"epoch/val_false_positives":0,"val_binary_accuracy":0.49364790320396423,"epoch/val_precision":0,"_wandb":{"runtime":341},"epoch/true_negatives":5679,"epoch/recall":0.4761904776096344,"epoch/learning_rate":0.08619899302721024,"epoch/val_recall":0,"epoch/precision":0.4956570863723755,"epoch/false_positives":5342,"epoch/val_false_negatives":1395,"_timestamp":1.738013864720407e+09,"_step":10,"epoch/val_true_positives":0,"epoch/val_binary_accuracy":0.49364790320396423,"epoch/auc":0.49946701526641846,"epoch/epoch":9,"epoch/val_auc":0.4897918105125427,"epoch/loss":2.081331729888916,"epoch/binary_accuracy":0.49573618173599243,"epoch/val_true_negatives":1360,"epoch/val_loss":1.3824259042739868}