{"epoch/recall":0.49922889471054077,"epoch/false_positives":5264,"_step":9,"_wandb":{"runtime":338},"epoch/false_negatives":5520,"epoch/val_true_positives":0,"epoch/val_true_negatives":1367,"epoch/auc":0.5163732171058655,"epoch/val_false_negatives":1388,"epoch/val_binary_accuracy":0.496188759803772,"epoch/val_precision":0,"epoch/val_auc":0.5662378668785095,"epoch/true_positives":5503,"epoch/epoch":9,"epoch/precision":0.5110987424850464,"epoch/val_false_positives":0,"_timestamp":1.738011955958257e+09,"epoch/loss":1.330135464668274,"epoch/val_loss":1.3757007122039795,"epoch/val_recall":0,"_runtime":338.277485,"epoch/learning_rate":0.03610822930932045,"epoch/binary_accuracy":0.5108409523963928,"epoch/true_negatives":5759}