{"val_binary_accuracy":0.5067150592803955,"epoch/val_precision":0.5067150592803955,"epoch/recall":0.50049889087677,"epoch/false_negatives":5507,"epoch/val_loss":0.7018671035766602,"_wandb":{"runtime":353},"epoch/learning_rate":0.0319938138127327,"_timestamp":1.738019380566941e+09,"epoch/val_true_negatives":0,"epoch/val_false_negatives":0,"epoch/binary_accuracy":0.4968701899051666,"epoch/false_positives":5585,"epoch/precision":0.49698278307914734,"epoch/epoch":9,"_runtime":353.692734,"epoch/auc":0.5000349283218384,"epoch/val_true_positives":1396,"epoch/loss":0.7093424201011658,"epoch/val_auc":0.5,"epoch/true_negatives":5436,"epoch/val_false_positives":1359,"epoch/val_binary_accuracy":0.5067150592803955,"_step":10,"epoch/val_recall":1,"epoch/true_positives":5518}