{"epoch/val_loss":4.589983940124512,"epoch/recall":0.4896607995033264,"epoch/val_false_positives":0,"epoch/false_positives":4977,"epoch/val_false_negatives":1387,"epoch/epoch":9,"_timestamp":1.738019019511532e+09,"_wandb":{"runtime":353},"epoch/val_precision":0,"_runtime":353.286791,"epoch/binary_accuracy":0.5190057158470154,"_step":10,"epoch/val_recall":0,"epoch/val_true_negatives":1368,"epoch/loss":1.0567042827606201,"epoch/false_negatives":5627,"epoch/precision":0.5203353762626648,"epoch/learning_rate":0.02903641201555729,"epoch/val_binary_accuracy":0.4965517222881317,"epoch/auc":0.5275852084159851,"epoch/true_negatives":6043,"epoch/val_auc":0.5,"val_binary_accuracy":0.4965517222881317,"epoch/val_true_positives":0,"epoch/true_positives":5399}