{"val_loss":1.2045968770980835,"val_precision":0.5050835013389587,"recall":0.5293424129486084,"val_binary_accuracy":0.5049001574516296,"false_negatives":5189,"precision":0.52354896068573,"_wandb":{"runtime":65},"true_positives":5836,"true_negatives":5710,"auc":0.5357396006584167,"best_val_loss":1.2045968770980835,"_runtime":65.15511,"false_positives":5311,"val_auc":0.48354578018188477,"_timestamp":1.7380098714743092e+09,"best_epoch":0,"binary_accuracy":0.5237231254577637,"_step":0,"val_true_positives":1391,"val_false_negatives":1,"loss":1.9044767618179321,"val_recall":0.9992815852165222,"val_true_negatives":0,"val_false_positives":1363,"epoch":0}